{
  "buff": {
    "index": "spe|SupportEffect|+10% All Support Effects",
    "text": "+10% All Support Effects",
    "tab": {
      "2bh": 1,
      "3bh": 1,
      "4bh": 1,
      "5bh": 1,
      "6bh": 1,
      "7bh": 1,
      "8bh": 1,
      "9bh": 1,
      "2ah": 1,
      "3ah": 1,
      "4ah": 1,
      "5ah": 1,
      "6ah": 1,
      "7ah": 1,
      "8ah": 1,
      "9ah": 1,
      "2bd": 1,
      "3bd": 1,
      "4bd": 1,
      "5bd": 1,
      "6bd": 1,
      "7bd": 1,
      "8bd": 1,
      "9bd": 1,
      "2ad": 1,
      "3ad": 1,
      "4ad": 1,
      "5ad": 1,
      "6ad": 1,
      "7ad": 1,
      "8ad": 1,
      "9ad": 1,
      "DamageMod": 1.1
    }
  },
  "basehp": "816000000",
  "debuff1": {
    "text": "-20% All Affliction Chance",
    "tab": {
      "2bh": 1,
      "3bh": 1,
      "4bh": 1,
      "5bh": 1,
      "6bh": 1,
      "7bh": 1,
      "8bh": 1,
      "9bh": 1,
      "2ah": 1,
      "3ah": 1,
      "4ah": 1,
      "5ah": 1,
      "6ah": 1,
      "7ah": 1,
      "8ah": 1,
      "9ah": 1,
      "2bd": 1,
      "3bd": 1,
      "4bd": 1,
      "5bd": 1,
      "6bd": 1,
      "7bd": 1,
      "8bd": 1,
      "9bd": 1,
      "2ad": 1,
      "3ad": 1,
      "4ad": 1,
      "5ad": 1,
      "6ad": 1,
      "7ad": 1,
      "8ad": 1,
      "9ad": 1,
      "DamageMod": 0.8823529411764706
    }
  },
  "titan1": {
    "name": "Takedar",
    "partb": {
      "2": 0.36,
      "3": 0.3,
      "4": 0.0625,
      "5": 0.0625,
      "6": 0.075,
      "7": 0.075,
      "8": 0.0625,
      "9": 0.0625
    },
    "parta": {
      "2": 0.3,
      "3": 0.3,
      "4": 0.0625,
      "5": 0.0625,
      "6": 0.075,
      "7": 0.075,
      "8": 0.0625,
      "9": 0.0625
    },
    "hpprcnt": 2.0599999999999996,
    "hpprcntb": 1.0599999999999998,
    "hpprcnta": 0.9999999999999998,
    "hp": "1632000000",
    "limbsprcntb": 0.4,
    "limbsprcnta": 0.4,
    "mod": 0.9823529411764707,
    "vm": {
      "hpprcntb": 0.36,
      "hpprcnta": 0.3
    },
    "vmpartid": "2"
  },
  "debuff2": {
    "text": "-15% All Burst Damage",
    "tab": {
      "2bh": 1,
      "3bh": 1,
      "4bh": 1,
      "5bh": 1,
      "6bh": 1,
      "7bh": 1,
      "8bh": 1,
      "9bh": 1,
      "2ah": 1,
      "3ah": 1,
      "4ah": 1,
      "5ah": 1,
      "6ah": 1,
      "7ah": 1,
      "8ah": 1,
      "9ah": 1,
      "2bd": 1,
      "3bd": 1,
      "4bd": 1,
      "5bd": 1,
      "6bd": 1,
      "7bd": 1,
      "8bd": 1,
      "9bd": 1,
      "2ad": 1,
      "3ad": 1,
      "4ad": 1,
      "5ad": 1,
      "6ad": 1,
      "7ad": 1,
      "8ad": 1,
      "9ad": 1,
      "DamageMod": 0.925
    }
  },
  "titan2": {
    "name": "Jukk",
    "partb": {
      "2": 0.35,
      "3": "0",
      "4": 0.0875,
      "5": 0.0875,
      "6": 0.175,
      "7": 0.175,
      "8": 0.0875,
      "9": 0.0875
    },
    "parta": {
      "2": 0.25,
      "3": "0",
      "4": 0.0625,
      "5": 0.0625,
      "6": 0.125,
      "7": 0.125,
      "8": 0.0625,
      "9": 0.0625
    },
    "hpprcnt": 1.7999999999999998,
    "hpprcntb": 1.05,
    "hpprcnta": 0.7499999999999998,
    "hp": "1428000000",
    "limbsprcntb": 0.7,
    "limbsprcnta": 0.5,
    "mod": 1.0250000000000004,
    "vm": {
      "hpprcntb": 0.35,
      "hpprcnta": 0.25
    },
    "vmpartid": "2"
  },
  "debuff3": {
    "text": "-15% All Armor Damage",
    "tab": {
      "2bh": 1,
      "3bh": 1,
      "4bh": 1,
      "5bh": 1,
      "6bh": 1,
      "7bh": 1,
      "8bh": 1,
      "9bh": 1,
      "2ah": 1,
      "3ah": 1,
      "4ah": 1,
      "5ah": 1,
      "6ah": 1,
      "7ah": 1,
      "8ah": 1,
      "9ah": 1,
      "2bd": 1,
      "3bd": 1,
      "4bd": 1,
      "5bd": 1,
      "6bd": 1,
      "7bd": 1,
      "8bd": 1,
      "9bd": 1,
      "2ad": 0.85,
      "3ad": 0.85,
      "4ad": 0.85,
      "5ad": 0.85,
      "6ad": 0.85,
      "7ad": 0.85,
      "8ad": 0.85,
      "9ad": 0.85,
      "DamageMod": 1
    }
  },
  "titan3": {
    "name": "Terro",
    "partb": {
      "2": "0",
      "3": 0.5,
      "4": 0.075,
      "5": 0.075,
      "6": 0.15,
      "7": 0.15,
      "8": 0.075,
      "9": 0.075
    },
    "parta": {
      "2": "0",
      "3": 0.3,
      "4": 0.0375,
      "5": 0.0375,
      "6": 0.075,
      "7": 0.075,
      "8": 0.0375,
      "9": 0.0375
    },
    "hpprcnt": 1.7000000000000002,
    "hpprcntb": 1.0999999999999999,
    "hpprcnta": 0.6000000000000003,
    "hp": "1305600000",
    "limbsprcntb": 0.5999999999999999,
    "limbsprcnta": 0.29999999999999993,
    "mod": 1.047058823529412,
    "vm": {
      "hpprcntb": 0.5,
      "hpprcnta": 0.3
    },
    "vmpartid": "3"
  },
  "raidmod": 1.306194647816208,
  "bavg": 7.184070562989144,
  "raidhits": "1059",
  "totalcycle": "6"
}